Ülke,Yıl,Ay,Sıcaklık (C),Dondurma Satışı (Adet)
Türkiye,1993,Ocak,28.82,339
Türkiye,1993,Şubat,21.39,272
Türkiye,1993,Mart,8.89,171
Türkiye,1993,Nisan,10.34,153
Türkiye,1993,Mayıs,6.06,141
Türkiye,1993,Haziran,28.69,307
Türkiye,1993,Temmuz,31.52,340
Türkiye,1993,Ağustos,17.65,258
Türkiye,1993,Eylül,28.58,327
Türkiye,1993,Ekim,28.7,299
Türkiye,1993,Kasım,20.12,237
Türkiye,1993,Aralık,6.38,146
Türkiye,1994,Ocak,7.5,119
Türkiye,1994,Şubat,31.89,347
Türkiye,1994,Mart,27.07,275
Türkiye,1994,Nisan,23.89,268
Türkiye,1994,Mayıs,5.16,136
Türkiye,1994,Haziran,8.72,171
Türkiye,1994,Temmuz,15.36,224
Türkiye,1994,Ağustos,33.05,340
Türkiye,1994,Eylül,31.61,387
Türkiye,1994,Ekim,12.69,199
Türkiye,1994,Kasım,13.18,140
Türkiye,1994,Aralık,34.46,405
Türkiye,1995,Ocak,28.4,347
Türkiye,1995,Şubat,25.54,294
Türkiye,1995,Mart,15.11,194
Türkiye,1995,Nisan,20.89,232
Türkiye,1995,Mayıs,19.9,215
Türkiye,1995,Haziran,28.37,368
Türkiye,1995,Temmuz,15.58,189
Türkiye,1995,Ağustos,19.14,275
Türkiye,1995,Eylül,27.32,311
Türkiye,1995,Ekim,31.05,396
Türkiye,1995,Kasım,12.76,209
Türkiye,1995,Aralık,28.04,359
Türkiye,1996,Ocak,31.57,347
Türkiye,1996,Şubat,8.73,110
Türkiye,1996,Mart,30.22,362
Türkiye,1996,Nisan,28.42,375
Türkiye,1996,Mayıs,27.12,296
Türkiye,1996,Haziran,11.99,183
Türkiye,1996,Temmuz,10.14,151
Türkiye,1996,Ağustos,28.84,342
Türkiye,1996,Eylül,24.91,258
Türkiye,1996,Ekim,20.73,224
Türkiye,1996,Kasım,14.58,146
Türkiye,1996,Aralık,28.15,339
Türkiye,1997,Ocak,19.33,234
Türkiye,1997,Şubat,15.32,207
Türkiye,1997,Mart,12.06,145
Türkiye,1997,Nisan,21.86,313
Türkiye,1997,Mayıs,7.68,146
Türkiye,1997,Haziran,5.82,128
Türkiye,1997,Temmuz,27.83,312
Türkiye,1997,Ağustos,21.34,241
Türkiye,1997,Eylül,25.11,331
Türkiye,1997,Ekim,13.2,214
Türkiye,1997,Kasım,28.74,379
Türkiye,1997,Aralık,13.99,142
Türkiye,1998,Ocak,34.79,394
Türkiye,1998,Şubat,26.7,320
Türkiye,1998,Mart,23.14,247
Türkiye,1998,Nisan,7.57,175
Türkiye,1998,Mayıs,19.06,286
Türkiye,1998,Haziran,29.9,337
Türkiye,1998,Temmuz,19.44,291
Türkiye,1998,Ağustos,9.98,145
Türkiye,1998,Eylül,16.45,251
Türkiye,1998,Ekim,13.26,214
Türkiye,1998,Kasım,30.34,355
Türkiye,1998,Aralık,28.96,309
Türkiye,1999,Ocak,9.8,113
Türkiye,1999,Şubat,28.44,324
Türkiye,1999,Mart,11.2,200
Türkiye,1999,Nisan,26.67,278
Türkiye,1999,Mayıs,33.06,428
Türkiye,1999,Haziran,5.93,91
Türkiye,1999,Temmuz,8.45,154
Türkiye,1999,Ağustos,27.25,281
Türkiye,1999,Eylül,31.18,402
Türkiye,1999,Ekim,16.33,231
Türkiye,1999,Kasım,9.35,121
Türkiye,1999,Aralık,11.9,133
Türkiye,2000,Ocak,7.81,138
Türkiye,2000,Şubat,15.33,186
Türkiye,2000,Mart,12.52,167
Türkiye,2000,Nisan,28.53,322
Türkiye,2000,Mayıs,20.73,295
Türkiye,2000,Haziran,28.47,332
Türkiye,2000,Temmuz,32.56,346
Türkiye,2000,Ağustos,7.17,130
Türkiye,2000,Eylül,9.1,107
Türkiye,2000,Ekim,10.26,194
Türkiye,2000,Kasım,29.24,381
Türkiye,2000,Aralık,19.75,238
Türkiye,2001,Ocak,13.04,131
Türkiye,2001,Şubat,15.11,250
Türkiye,2001,Mart,7.83,176
Türkiye,2001,Nisan,22.43,288
Türkiye,2001,Mayıs,19.99,296
Türkiye,2001,Haziran,12.33,209
Türkiye,2001,Temmuz,15.85,241
Türkiye,2001,Ağustos,14.33,185
Türkiye,2001,Eylül,29.42,360
Türkiye,2001,Ekim,18.42,271
Türkiye,2001,Kasım,20.99,275
Türkiye,2001,Aralık,19.4,291
Türkiye,2002,Ocak,28.94,336
Türkiye,2002,Şubat,34.33,429
Türkiye,2002,Mart,31.93,324
Türkiye,2002,Nisan,10.7,146
Türkiye,2002,Mayıs,15.16,178
Türkiye,2002,Haziran,25.58,269
Türkiye,2002,Temmuz,21.88,289
Türkiye,2002,Ağustos,12.9,181
Türkiye,2002,Eylül,18.77,232
Türkiye,2002,Ekim,15.66,201
Türkiye,2002,Kasım,22.04,302
Türkiye,2002,Aralık,34.16,414
Türkiye,2003,Ocak,30.75,343
Türkiye,2003,Şubat,26.6,279
Türkiye,2003,Mart,14.13,163
Türkiye,2003,Nisan,25.33,348
Türkiye,2003,Mayıs,32.09,416
Türkiye,2003,Haziran,29.35,346
Türkiye,2003,Temmuz,21.9,280
Türkiye,2003,Ağustos,31.26,325
Türkiye,2003,Eylül,30.99,347
Türkiye,2003,Ekim,18.88,268
Türkiye,2003,Kasım,30.2,377
Türkiye,2003,Aralık,25.59,269
Türkiye,2004,Ocak,24.58,310
Türkiye,2004,Şubat,21.78,315
Türkiye,2004,Mart,26.2,303
Türkiye,2004,Nisan,17.79,192
Türkiye,2004,Mayıs,12.45,199
Türkiye,2004,Haziran,10.91,175
Türkiye,2004,Temmuz,13.73,172
Türkiye,2004,Ağustos,33.72,367
Türkiye,2004,Eylül,13.09,200
Türkiye,2004,Ekim,34.02,420
Türkiye,2004,Kasım,11.84,120
Türkiye,2004,Aralık,8.83,147
Türkiye,2005,Ocak,30.68,375
Türkiye,2005,Şubat,14.38,229
Türkiye,2005,Mart,18.79,212
Türkiye,2005,Nisan,22.21,257
Türkiye,2005,Mayıs,30.9,346
Türkiye,2005,Haziran,33.87,408
Türkiye,2005,Temmuz,23.49,304
Türkiye,2005,Ağustos,33.89,413
Türkiye,2005,Eylül,14.11,177
Türkiye,2005,Ekim,27.88,370
Türkiye,2005,Kasım,11.29,151
Türkiye,2005,Aralık,14.37,181
Türkiye,2006,Ocak,13.63,190
Türkiye,2006,Şubat,9.22,116
Türkiye,2006,Mart,11.48,121
Türkiye,2006,Nisan,34.71,442
Türkiye,2006,Mayıs,17.92,264
Türkiye,2006,Haziran,21.93,302
Türkiye,2006,Temmuz,6.01,135
Türkiye,2006,Ağustos,25.91,277
Türkiye,2006,Eylül,26.19,349
Türkiye,2006,Ekim,30.77,395
Türkiye,2006,Kasım,25.31,352
Türkiye,2006,Aralık,13.0,228
Türkiye,2007,Ocak,23.89,304
Türkiye,2007,Şubat,16.28,175
Türkiye,2007,Mart,12.3,207
Türkiye,2007,Nisan,19.17,291
Türkiye,2007,Mayıs,15.17,155
Türkiye,2007,Haziran,26.47,305
Türkiye,2007,Temmuz,25.19,298
Türkiye,2007,Ağustos,12.04,206
Türkiye,2007,Eylül,19.18,227
Türkiye,2007,Ekim,11.4,181
Türkiye,2007,Kasım,15.02,177
Türkiye,2007,Aralık,32.91,357
Türkiye,2008,Ocak,22.21,306
Türkiye,2008,Şubat,32.85,342
Türkiye,2008,Mart,30.44,351
Türkiye,2008,Nisan,9.27,191
Türkiye,2008,Mayıs,15.34,162
Türkiye,2008,Haziran,20.51,233
Türkiye,2008,Temmuz,31.86,345
Türkiye,2008,Ağustos,32.49,361
Türkiye,2008,Eylül,11.25,178
Türkiye,2008,Ekim,34.53,440
Türkiye,2008,Kasım,13.61,228
Türkiye,2008,Aralık,17.3,225
Türkiye,2009,Ocak,20.2,276
Türkiye,2009,Şubat,12.64,212
Türkiye,2009,Mart,33.62,374
Türkiye,2009,Nisan,32.74,342
Türkiye,2009,Mayıs,8.11,156
Türkiye,2009,Haziran,30.35,343
Türkiye,2009,Temmuz,33.26,356
Türkiye,2009,Ağustos,12.78,210
Türkiye,2009,Eylül,27.27,289
Türkiye,2009,Ekim,30.15,385
Türkiye,2009,Kasım,28.09,360
Türkiye,2009,Aralık,16.37,224
Türkiye,2010,Ocak,15.32,189
Türkiye,2010,Şubat,18.38,201
Türkiye,2010,Mart,19.72,242
Türkiye,2010,Nisan,12.62,182
Türkiye,2010,Mayıs,8.14,101
Türkiye,2010,Haziran,19.47,235
Türkiye,2010,Temmuz,18.03,250
Türkiye,2010,Ağustos,25.24,343
Türkiye,2010,Eylül,15.15,167
Türkiye,2010,Ekim,11.9,205
Türkiye,2010,Kasım,7.31,145
Türkiye,2010,Aralık,19.73,269
Türkiye,2011,Ocak,5.65,146
Türkiye,2011,Şubat,27.34,339
Türkiye,2011,Mart,6.38,128
Türkiye,2011,Nisan,26.02,298
Türkiye,2011,Mayıs,9.95,196
Türkiye,2011,Haziran,24.97,312
Türkiye,2011,Temmuz,17.33,263
Türkiye,2011,Ağustos,6.79,127
Türkiye,2011,Eylül,12.69,146
Türkiye,2011,Ekim,23.17,317
Türkiye,2011,Kasım,14.57,218
Türkiye,2011,Aralık,8.71,167
Türkiye,2012,Ocak,25.65,353
Türkiye,2012,Şubat,22.62,274
Türkiye,2012,Mart,9.76,190
Türkiye,2012,Nisan,17.27,265
Türkiye,2012,Mayıs,22.01,289
Türkiye,2012,Haziran,34.67,417
Türkiye,2012,Temmuz,13.24,163
Türkiye,2012,Ağustos,7.01,125
Türkiye,2012,Eylül,8.26,96
Türkiye,2012,Ekim,10.06,166
Türkiye,2012,Kasım,27.58,372
Türkiye,2012,Aralık,8.84,183
Türkiye,2013,Ocak,20.84,253
Türkiye,2013,Şubat,31.58,345
Türkiye,2013,Mart,17.85,255
Türkiye,2013,Nisan,32.82,372
Türkiye,2013,Mayıs,5.68,155
Türkiye,2013,Haziran,27.19,368
Türkiye,2013,Temmuz,5.86,90
Türkiye,2013,Ağustos,6.79,104
Türkiye,2013,Eylül,16.61,173
Türkiye,2013,Ekim,24.54,320
Türkiye,2013,Kasım,11.94,217
Türkiye,2013,Aralık,23.56,268
Türkiye,2014,Ocak,17.65,177
Türkiye,2014,Şubat,33.93,365
Türkiye,2014,Mart,23.58,254
Türkiye,2014,Nisan,14.1,144
Türkiye,2014,Mayıs,32.83,422
Türkiye,2014,Haziran,5.48,57
Türkiye,2014,Temmuz,21.51,260
Türkiye,2014,Ağustos,5.01,61
Türkiye,2014,Eylül,21.83,317
Türkiye,2014,Ekim,20.9,259
Türkiye,2014,Kasım,32.9,358
Türkiye,2014,Aralık,32.01,372
Türkiye,2015,Ocak,23.94,258
Türkiye,2015,Şubat,21.52,260
Türkiye,2015,Mart,31.29,325
Türkiye,2015,Nisan,11.18,112
Türkiye,2015,Mayıs,30.25,376
Türkiye,2015,Haziran,28.9,361
Türkiye,2015,Temmuz,26.11,352
Türkiye,2015,Ağustos,28.55,368
Türkiye,2015,Eylül,12.92,202
Türkiye,2015,Ekim,9.17,94
Türkiye,2015,Kasım,13.27,231
Türkiye,2015,Aralık,27.37,329
Türkiye,2016,Ocak,6.72,96
Türkiye,2016,Şubat,7.27,154
Türkiye,2016,Mart,10.2,107
Türkiye,2016,Nisan,23.67,274
Türkiye,2016,Mayıs,15.57,166
Türkiye,2016,Haziran,7.88,114
Türkiye,2016,Temmuz,21.39,227
Türkiye,2016,Ağustos,11.73,165
Türkiye,2016,Eylül,8.7,170
Türkiye,2016,Ekim,11.05,153
Türkiye,2016,Kasım,5.05,73
Türkiye,2016,Aralık,9.15,106
Türkiye,2017,Ocak,21.19,299
Türkiye,2017,Şubat,31.86,342
Türkiye,2017,Mart,11.57,157
Türkiye,2017,Nisan,17.25,173
Türkiye,2017,Mayıs,8.9,117
Türkiye,2017,Haziran,23.23,250
Türkiye,2017,Temmuz,9.8,146
Türkiye,2017,Ağustos,32.45,354
Türkiye,2017,Eylül,5.63,117
Türkiye,2017,Ekim,16.55,233
Türkiye,2017,Kasım,15.82,182
Türkiye,2017,Aralık,33.21,357
Türkiye,2018,Ocak,26.01,272
Türkiye,2018,Şubat,8.04,129
Türkiye,2018,Mart,30.52,366
Türkiye,2018,Nisan,25.98,316
Türkiye,2018,Mayıs,25.37,310
Türkiye,2018,Haziran,32.3,325
Türkiye,2018,Temmuz,20.91,288
Türkiye,2018,Ağustos,9.46,147
Türkiye,2018,Eylül,10.77,206
Türkiye,2018,Ekim,32.44,351
Türkiye,2018,Kasım,8.13,134
Türkiye,2018,Aralık,7.22,153
Türkiye,2019,Ocak,31.49,362
Türkiye,2019,Şubat,32.41,376
Türkiye,2019,Mart,28.82,332
Türkiye,2019,Nisan,22.78,239
Türkiye,2019,Mayıs,27.04,286
Türkiye,2019,Haziran,19.88,245
Türkiye,2019,Temmuz,14.78,235
Türkiye,2019,Ağustos,17.18,202
Türkiye,2019,Eylül,29.66,339
Türkiye,2019,Ekim,20.66,248
Türkiye,2019,Kasım,23.75,334
Türkiye,2019,Aralık,8.77,177
Türkiye,2020,Ocak,16.41,237
Türkiye,2020,Şubat,21.05,273
Türkiye,2020,Mart,15.4,163
Türkiye,2020,Nisan,16.2,261
Türkiye,2020,Mayıs,32.58,350
Türkiye,2020,Haziran,29.25,382
Türkiye,2020,Temmuz,32.24,408
Türkiye,2020,Ağustos,11.74,192
Türkiye,2020,Eylül,27.88,300
Türkiye,2020,Ekim,12.75,184
Türkiye,2020,Kasım,26.78,334
Türkiye,2020,Aralık,8.71,170
Türkiye,2021,Ocak,19.39,245
Türkiye,2021,Şubat,8.19,137
Türkiye,2021,Mart,17.26,188
Türkiye,2021,Nisan,28.87,365
Türkiye,2021,Mayıs,11.16,124
Türkiye,2021,Haziran,21.04,252
Türkiye,2021,Temmuz,30.42,333
Türkiye,2021,Ağustos,10.99,160
Türkiye,2021,Eylül,9.07,111
Türkiye,2021,Ekim,28.97,297
Türkiye,2021,Kasım,22.9,316
Türkiye,2021,Aralık,17.13,206
Türkiye,2022,Ocak,21.26,229
Türkiye,2022,Şubat,24.74,284
Türkiye,2022,Mart,26.82,307
Türkiye,2022,Nisan,8.59,155
Türkiye,2022,Mayıs,21.33,309
Türkiye,2022,Haziran,12.77,190
Türkiye,2022,Temmuz,15.33,241
Türkiye,2022,Ağustos,31.18,338
Türkiye,2022,Eylül,31.25,374
Türkiye,2022,Ekim,23.88,256
Türkiye,2022,Kasım,33.07,378
Türkiye,2022,Aralık,33.34,353
Almanya,1993,Ocak,11.98,197
Almanya,1993,Şubat,15.77,166
Almanya,1993,Mart,-4.49,-44
Almanya,1993,Nisan,8.87,173
Almanya,1993,Mayıs,10.38,108
Almanya,1993,Haziran,2.83,29
Almanya,1993,Temmuz,10.71,153
Almanya,1993,Ağustos,4.83,90
Almanya,1993,Eylül,2.63,89
Almanya,1993,Ekim,-2.06,23
Almanya,1993,Kasım,9.82,139
Almanya,1993,Aralık,10.07,121
Almanya,1994,Ocak,11.56,152
Almanya,1994,Şubat,13.16,146
Almanya,1994,Mart,1.88,70
Almanya,1994,Nisan,17.16,210
Almanya,1994,Mayıs,-4.43,-28
Almanya,1994,Haziran,22.36,230
Almanya,1994,Temmuz,4.95,98
Almanya,1994,Ağustos,12.93,154
Almanya,1994,Eylül,16.92,261
Almanya,1994,Ekim,19.98,293
Almanya,1994,Kasım,9.02,184
Almanya,1994,Aralık,13.4,159
Almanya,1995,Ocak,10.31,189
Almanya,1995,Şubat,-1.85,10
Almanya,1995,Mart,21.3,267
Almanya,1995,Nisan,13.46,189
Almanya,1995,Mayıs,3.26,85
Almanya,1995,Haziran,4.8,64
Almanya,1995,Temmuz,-4.07,26
Almanya,1995,Ağustos,2.04,34
Almanya,1995,Eylül,-4.34,37
Almanya,1995,Ekim,2.0,47
Almanya,1995,Kasım,-3.42,61
Almanya,1995,Aralık,3.55,59
Almanya,1996,Ocak,9.23,129
Almanya,1996,Şubat,24.89,309
Almanya,1996,Mart,6.63,103
Almanya,1996,Nisan,-1.32,6
Almanya,1996,Mayıs,15.7,172
Almanya,1996,Haziran,16.8,172
Almanya,1996,Temmuz,-2.69,19
Almanya,1996,Ağustos,2.08,91
Almanya,1996,Eylül,-1.57,27
Almanya,1996,Ekim,14.0,180
Almanya,1996,Kasım,-3.12,-14
Almanya,1996,Aralık,7.01,119
Almanya,1997,Ocak,12.52,149
Almanya,1997,Şubat,3.36,74
Almanya,1997,Mart,13.91,149
Almanya,1997,Nisan,3.41,55
Almanya,1997,Mayıs,17.38,254
Almanya,1997,Haziran,22.82,284
Almanya,1997,Temmuz,7.09,168
Almanya,1997,Ağustos,21.15,266
Almanya,1997,Eylül,16.9,251
Almanya,1997,Ekim,23.35,284
Almanya,1997,Kasım,-4.49,-23
Almanya,1997,Aralık,0.33,102
Almanya,1998,Ocak,18.02,183
Almanya,1998,Şubat,20.71,286
Almanya,1998,Mart,13.27,151
Almanya,1998,Nisan,1.32,89
Almanya,1998,Mayıs,20.65,244
Almanya,1998,Haziran,11.67,214
Almanya,1998,Temmuz,18.95,219
Almanya,1998,Ağustos,9.36,184
Almanya,1998,Eylül,-4.84,44
Almanya,1998,Ekim,3.9,107
Almanya,1998,Kasım,0.68,23
Almanya,1998,Aralık,19.02,250
Almanya,1999,Ocak,17.91,254
Almanya,1999,Şubat,15.12,210
Almanya,1999,Mart,4.46,68
Almanya,1999,Nisan,23.63,319
Almanya,1999,Mayıs,3.04,113
Almanya,1999,Haziran,18.39,277
Almanya,1999,Temmuz,20.57,245
Almanya,1999,Ağustos,21.18,281
Almanya,1999,Eylül,12.37,220
Almanya,1999,Ekim,-2.94,-9
Almanya,1999,Kasım,-0.27,57
Almanya,1999,Aralık,16.86,215
Almanya,2000,Ocak,20.66,284
Almanya,2000,Şubat,18.59,280
Almanya,2000,Mart,12.4,194
Almanya,2000,Nisan,11.72,151
Almanya,2000,Mayıs,5.32,112
Almanya,2000,Haziran,0.0,7
Almanya,2000,Temmuz,21.89,288
Almanya,2000,Ağustos,4.19,78
Almanya,2000,Eylül,0.86,19
Almanya,2000,Ekim,-2.99,0
Almanya,2000,Kasım,-3.75,0
Almanya,2000,Aralık,14.63,192
Almanya,2001,Ocak,22.69,294
Almanya,2001,Şubat,15.78,238
Almanya,2001,Mart,-3.16,6
Almanya,2001,Nisan,8.6,111
Almanya,2001,Mayıs,4.6,78
Almanya,2001,Haziran,6.99,103
Almanya,2001,Temmuz,16.81,209
Almanya,2001,Ağustos,0.13,32
Almanya,2001,Eylül,0.17,71
Almanya,2001,Ekim,17.5,179
Almanya,2001,Kasım,-3.84,-4
Almanya,2001,Aralık,-3.69,41
Almanya,2002,Ocak,8.87,101
Almanya,2002,Şubat,12.31,152
Almanya,2002,Mart,2.18,22
Almanya,2002,Nisan,1.79,70
Almanya,2002,Mayıs,9.43,112
Almanya,2002,Haziran,1.74,77
Almanya,2002,Temmuz,4.44,56
Almanya,2002,Ağustos,0.91,41
Almanya,2002,Eylül,-2.39,18
Almanya,2002,Ekim,10.59,129
Almanya,2002,Kasım,11.35,124
Almanya,2002,Aralık,4.83,91
Almanya,2003,Ocak,10.94,177
Almanya,2003,Şubat,4.3,84
Almanya,2003,Mart,18.49,200
Almanya,2003,Nisan,7.02,162
Almanya,2003,Mayıs,14.61,224
Almanya,2003,Haziran,13.66,179
Almanya,2003,Temmuz,24.18,336
Almanya,2003,Ağustos,-4.23,-24
Almanya,2003,Eylül,24.61,296
Almanya,2003,Ekim,8.03,110
Almanya,2003,Kasım,2.82,33
Almanya,2003,Aralık,21.61,280
Almanya,2004,Ocak,2.75,103
Almanya,2004,Şubat,24.09,271
Almanya,2004,Mart,3.5,114
Almanya,2004,Nisan,-4.35,27
Almanya,2004,Mayıs,12.14,195
Almanya,2004,Haziran,-2.83,10
Almanya,2004,Temmuz,21.31,221
Almanya,2004,Ağustos,2.82,90
Almanya,2004,Eylül,7.55,85
Almanya,2004,Ekim,1.31,20
Almanya,2004,Kasım,21.69,217
Almanya,2004,Aralık,10.1,195
Almanya,2005,Ocak,21.95,286
Almanya,2005,Şubat,-4.63,46
Almanya,2005,Mart,4.81,143
Almanya,2005,Nisan,3.55,58
Almanya,2005,Mayıs,-2.32,38
Almanya,2005,Haziran,14.91,156
Almanya,2005,Temmuz,11.92,197
Almanya,2005,Ağustos,10.03,111
Almanya,2005,Eylül,-2.34,42
Almanya,2005,Ekim,18.08,232
Almanya,2005,Kasım,2.0,54
Almanya,2005,Aralık,19.19,279
Almanya,2006,Ocak,7.51,85
Almanya,2006,Şubat,-2.7,-14
Almanya,2006,Mart,13.48,192
Almanya,2006,Nisan,10.36,173
Almanya,2006,Mayıs,4.59,73
Almanya,2006,Haziran,8.94,188
Almanya,2006,Temmuz,5.46,120
Almanya,2006,Ağustos,23.84,320
Almanya,2006,Eylül,15.12,231
Almanya,2006,Ekim,7.5,94
Almanya,2006,Kasım,16.61,191
Almanya,2006,Aralık,6.93,90
Almanya,2007,Ocak,1.4,77
Almanya,2007,Şubat,1.32,29
Almanya,2007,Mart,-4.3,-33
Almanya,2007,Nisan,6.24,150
Almanya,2007,Mayıs,6.3,107
Almanya,2007,Haziran,22.12,229
Almanya,2007,Temmuz,12.49,218
Almanya,2007,Ağustos,8.59,155
Almanya,2007,Eylül,12.54,221
Almanya,2007,Ekim,-3.9,-26
Almanya,2007,Kasım,3.11,38
Almanya,2007,Aralık,22.02,261
Almanya,2008,Ocak,5.69,108
Almanya,2008,Şubat,4.88,53
Almanya,2008,Mart,6.57,159
Almanya,2008,Nisan,17.76,245
Almanya,2008,Mayıs,24.48,285
Almanya,2008,Haziran,3.61,53
Almanya,2008,Temmuz,4.03,74
Almanya,2008,Ağustos,17.93,182
Almanya,2008,Eylül,9.53,171
Almanya,2008,Ekim,22.1,237
Almanya,2008,Kasım,4.63,56
Almanya,2008,Aralık,12.21,149
Almanya,2009,Ocak,16.76,246
Almanya,2009,Şubat,14.2,209
Almanya,2009,Mart,24.82,300
Almanya,2009,Nisan,2.82,67
Almanya,2009,Mayıs,17.02,263
Almanya,2009,Haziran,21.59,248
Almanya,2009,Temmuz,1.31,28
Almanya,2009,Ağustos,-2.05,76
Almanya,2009,Eylül,-4.61,22
Almanya,2009,Ekim,7.3,163
Almanya,2009,Kasım,18.8,197
Almanya,2009,Aralık,5.2,135
Almanya,2010,Ocak,15.57,226
Almanya,2010,Şubat,-3.86,3
Almanya,2010,Mart,20.74,272
Almanya,2010,Nisan,6.19,104
Almanya,2010,Mayıs,21.15,260
Almanya,2010,Haziran,3.4,131
Almanya,2010,Temmuz,-3.51,24
Almanya,2010,Ağustos,24.33,325
Almanya,2010,Eylül,5.93,131
Almanya,2010,Ekim,7.06,84
Almanya,2010,Kasım,9.17,168
Almanya,2010,Aralık,13.81,198
Almanya,2011,Ocak,6.52,142
Almanya,2011,Şubat,4.35,58
Almanya,2011,Mart,-0.14,92
Almanya,2011,Nisan,3.58,104
Almanya,2011,Mayıs,10.45,182
Almanya,2011,Haziran,23.54,258
Almanya,2011,Temmuz,19.8,252
Almanya,2011,Ağustos,16.36,263
Almanya,2011,Eylül,11.31,143
Almanya,2011,Ekim,11.26,178
Almanya,2011,Kasım,-2.31,18
Almanya,2011,Aralık,8.62,137
Almanya,2012,Ocak,0.63,66
Almanya,2012,Şubat,7.51,175
Almanya,2012,Mart,2.46,121
Almanya,2012,Nisan,22.38,311
Almanya,2012,Mayıs,10.48,179
Almanya,2012,Haziran,10.86,169
Almanya,2012,Temmuz,0.8,9
Almanya,2012,Ağustos,6.05,146
Almanya,2012,Eylül,-1.98,51
Almanya,2012,Ekim,21.4,281
Almanya,2012,Kasım,19.5,205
Almanya,2012,Aralık,10.61,114
Almanya,2013,Ocak,0.57,39
Almanya,2013,Şubat,13.01,202
Almanya,2013,Mart,4.14,70
Almanya,2013,Nisan,12.67,208
Almanya,2013,Mayıs,3.07,60
Almanya,2013,Haziran,15.33,182
Almanya,2013,Temmuz,22.51,297
Almanya,2013,Ağustos,11.18,137
Almanya,2013,Eylül,24.74,312
Almanya,2013,Ekim,4.92,101
Almanya,2013,Kasım,-4.59,-42
Almanya,2013,Aralık,20.29,283
Almanya,2014,Ocak,22.17,277
Almanya,2014,Şubat,15.69,245
Almanya,2014,Mart,0.48,55
Almanya,2014,Nisan,21.77,311
Almanya,2014,Mayıs,19.11,192
Almanya,2014,Haziran,10.47,166
Almanya,2014,Temmuz,23.28,237
Almanya,2014,Ağustos,5.84,84
Almanya,2014,Eylül,1.17,61
Almanya,2014,Ekim,4.23,114
Almanya,2014,Kasım,10.48,174
Almanya,2014,Aralık,23.43,306
Almanya,2015,Ocak,1.94,24
Almanya,2015,Şubat,3.34,57
Almanya,2015,Mart,18.32,186
Almanya,2015,Nisan,22.33,271
Almanya,2015,Mayıs,8.39,182
Almanya,2015,Haziran,5.81,138
Almanya,2015,Temmuz,16.85,250
Almanya,2015,Ağustos,-3.78,20
Almanya,2015,Eylül,-3.6,47
Almanya,2015,Ekim,0.02,43
Almanya,2015,Kasım,8.03,97
Almanya,2015,Aralık,17.15,248
Almanya,2016,Ocak,-0.74,43
Almanya,2016,Şubat,24.87,252
Almanya,2016,Mart,23.04,250
Almanya,2016,Nisan,4.9,59
Almanya,2016,Mayıs,7.57,121
Almanya,2016,Haziran,6.13,92
Almanya,2016,Temmuz,0.1,19
Almanya,2016,Ağustos,-3.54,-24
Almanya,2016,Eylül,12.66,198
Almanya,2016,Ekim,-2.15,4
Almanya,2016,Kasım,17.63,180
Almanya,2016,Aralık,13.01,152
Almanya,2017,Ocak,13.47,147
Almanya,2017,Şubat,19.75,258
Almanya,2017,Mart,14.86,233
Almanya,2017,Nisan,12.61,181
Almanya,2017,Mayıs,24.95,328
Almanya,2017,Haziran,17.57,214
Almanya,2017,Temmuz,7.59,152
Almanya,2017,Ağustos,9.2,185
Almanya,2017,Eylül,9.75,150
Almanya,2017,Ekim,11.81,187
Almanya,2017,Kasım,12.75,220
Almanya,2017,Aralık,3.0,128
Almanya,2018,Ocak,15.12,248
Almanya,2018,Şubat,16.63,247
Almanya,2018,Mart,1.0,52
Almanya,2018,Nisan,14.47,230
Almanya,2018,Mayıs,23.4,240
Almanya,2018,Haziran,-2.8,21
Almanya,2018,Temmuz,1.19,78
Almanya,2018,Ağustos,14.12,172
Almanya,2018,Eylül,6.87,83
Almanya,2018,Ekim,20.55,241
Almanya,2018,Kasım,9.45,174
Almanya,2018,Aralık,4.07,120
Almanya,2019,Ocak,-2.22,10
Almanya,2019,Şubat,-0.99,0
Almanya,2019,Mart,20.45,270
Almanya,2019,Nisan,15.27,249
Almanya,2019,Mayıs,16.69,266
Almanya,2019,Haziran,18.98,222
Almanya,2019,Temmuz,2.02,91
Almanya,2019,Ağustos,24.25,280
Almanya,2019,Eylül,-1.77,-9
Almanya,2019,Ekim,19.86,214
Almanya,2019,Kasım,6.9,86
Almanya,2019,Aralık,12.64,187
Almanya,2020,Ocak,-0.58,0
Almanya,2020,Şubat,17.86,194
Almanya,2020,Mart,14.66,195
Almanya,2020,Nisan,9.24,182
Almanya,2020,Mayıs,19.34,291
Almanya,2020,Haziran,-1.41,27
Almanya,2020,Temmuz,-2.51,15
Almanya,2020,Ağustos,13.83,207
Almanya,2020,Eylül,16.62,227
Almanya,2020,Ekim,10.32,184
Almanya,2020,Kasım,-0.14,26
Almanya,2020,Aralık,1.85,31
Almanya,2021,Ocak,8.07,116
Almanya,2021,Şubat,3.76,137
Almanya,2021,Mart,3.24,120
Almanya,2021,Nisan,5.68,152
Almanya,2021,Mayıs,2.86,105
Almanya,2021,Haziran,13.78,214
Almanya,2021,Temmuz,8.91,115
Almanya,2021,Ağustos,-4.05,-36
Almanya,2021,Eylül,24.61,309
Almanya,2021,Ekim,3.37,83
Almanya,2021,Kasım,11.23,190
Almanya,2021,Aralık,12.31,134
Almanya,2022,Ocak,16.49,237
Almanya,2022,Şubat,10.78,121
Almanya,2022,Mart,6.47,115
Almanya,2022,Nisan,14.57,147
Almanya,2022,Mayıs,11.33,137
Almanya,2022,Haziran,15.44,252
Almanya,2022,Temmuz,7.84,174
Almanya,2022,Ağustos,9.41,170
Almanya,2022,Eylül,23.08,233
Almanya,2022,Ekim,2.17,42
Almanya,2022,Kasım,19.9,240
Almanya,2022,Aralık,10.88,136
Japonya,1993,Ocak,9.69,113
Japonya,1993,Şubat,8.98,93
Japonya,1993,Mart,3.9,57
Japonya,1993,Nisan,13.6,137
Japonya,1993,Mayıs,12.88,166
Japonya,1993,Haziran,10.38,174
Japonya,1993,Temmuz,10.3,164
Japonya,1993,Ağustos,16.67,232
Japonya,1993,Eylül,28.79,347
Japonya,1993,Ekim,18.48,206
Japonya,1993,Kasım,4.8,67
Japonya,1993,Aralık,13.85,183
Japonya,1994,Ocak,8.64,129
Japonya,1994,Şubat,7.92,153
Japonya,1994,Mart,15.49,211
Japonya,1994,Nisan,23.15,312
Japonya,1994,Mayıs,8.81,182
Japonya,1994,Haziran,0.83,15
Japonya,1994,Temmuz,21.1,222
Japonya,1994,Ağustos,22.04,248
Japonya,1994,Eylül,0.12,69
Japonya,1994,Ekim,17.55,183
Japonya,1994,Kasım,18.52,219
Japonya,1994,Aralık,14.73,205
Japonya,1995,Ocak,4.93,70
Japonya,1995,Şubat,11.04,134
Japonya,1995,Mart,7.66,105
Japonya,1995,Nisan,4.92,118
Japonya,1995,Mayıs,22.02,224
Japonya,1995,Haziran,22.2,306
Japonya,1995,Temmuz,12.82,164
Japonya,1995,Ağustos,19.72,293
Japonya,1995,Eylül,27.09,354
Japonya,1995,Ekim,29.27,353
Japonya,1995,Kasım,8.09,123
Japonya,1995,Aralık,24.57,246
Japonya,1996,Ocak,21.77,280
Japonya,1996,Şubat,3.73,45
Japonya,1996,Mart,8.48,131
Japonya,1996,Nisan,20.18,212
Japonya,1996,Mayıs,22.83,296
Japonya,1996,Haziran,22.14,281
Japonya,1996,Temmuz,22.34,295
Japonya,1996,Ağustos,28.65,356
Japonya,1996,Eylül,17.42,272
Japonya,1996,Ekim,1.56,16
Japonya,1996,Kasım,15.08,242
Japonya,1996,Aralık,13.49,135
Japonya,1997,Ocak,24.13,328
Japonya,1997,Şubat,1.55,35
Japonya,1997,Mart,21.77,311
Japonya,1997,Nisan,15.49,170
Japonya,1997,Mayıs,20.93,224
Japonya,1997,Haziran,2.96,55
Japonya,1997,Temmuz,0.32,99
Japonya,1997,Ağustos,9.87,191
Japonya,1997,Eylül,13.22,156
Japonya,1997,Ekim,19.49,267
Japonya,1997,Kasım,7.96,158
Japonya,1997,Aralık,28.39,327
Japonya,1998,Ocak,28.59,330
Japonya,1998,Şubat,20.01,286
Japonya,1998,Mart,29.45,335
Japonya,1998,Nisan,2.45,112
Japonya,1998,Mayıs,17.32,257
Japonya,1998,Haziran,25.94,348
Japonya,1998,Temmuz,14.42,182
Japonya,1998,Ağustos,21.57,224
Japonya,1998,Eylül,17.18,219
Japonya,1998,Ekim,24.58,313
Japonya,1998,Kasım,27.34,343
Japonya,1998,Aralık,21.95,229
Japonya,1999,Ocak,20.49,304
Japonya,1999,Şubat,25.01,305
Japonya,1999,Mart,26.96,348
Japonya,1999,Nisan,8.13,159
Japonya,1999,Mayıs,7.75,157
Japonya,1999,Haziran,9.81,131
Japonya,1999,Temmuz,14.44,153
Japonya,1999,Ağustos,1.79,58
Japonya,1999,Eylül,10.22,157
Japonya,1999,Ekim,13.52,222
Japonya,1999,Kasım,20.22,224
Japonya,1999,Aralık,20.01,258
Japonya,2000,Ocak,18.5,229
Japonya,2000,Şubat,26.92,349
Japonya,2000,Mart,16.63,181
Japonya,2000,Nisan,3.9,81
Japonya,2000,Mayıs,21.96,286
Japonya,2000,Haziran,20.37,302
Japonya,2000,Temmuz,5.09,55
Japonya,2000,Ağustos,24.61,277
Japonya,2000,Eylül,15.31,246
Japonya,2000,Ekim,25.39,290
Japonya,2000,Kasım,13.86,234
Japonya,2000,Aralık,19.24,197
Japonya,2001,Ocak,17.69,237
Japonya,2001,Şubat,3.77,117
Japonya,2001,Mart,29.04,367
Japonya,2001,Nisan,17.21,189
Japonya,2001,Mayıs,21.57,266
Japonya,2001,Haziran,0.21,21
Japonya,2001,Temmuz,21.48,222
Japonya,2001,Ağustos,17.87,184
Japonya,2001,Eylül,18.01,265
Japonya,2001,Ekim,5.43,93
Japonya,2001,Kasım,23.98,287
Japonya,2001,Aralık,23.22,326
Japonya,2002,Ocak,29.57,309
Japonya,2002,Şubat,0.48,15
Japonya,2002,Mart,27.09,368
Japonya,2002,Nisan,7.16,121
Japonya,2002,Mayıs,8.62,179
Japonya,2002,Haziran,8.96,143
Japonya,2002,Temmuz,3.55,43
Japonya,2002,Ağustos,28.72,287
Japonya,2002,Eylül,0.45,63
Japonya,2002,Ekim,4.4,102
Japonya,2002,Kasım,22.19,318
Japonya,2002,Aralık,15.75,193
Japonya,2003,Ocak,20.85,263
Japonya,2003,Şubat,24.26,334
Japonya,2003,Mart,2.78,36
Japonya,2003,Nisan,7.92,128
Japonya,2003,Mayıs,24.17,320
Japonya,2003,Haziran,3.88,70
Japonya,2003,Temmuz,25.36,264
Japonya,2003,Ağustos,0.08,89
Japonya,2003,Eylül,24.07,278
Japonya,2003,Ekim,28.52,376
Japonya,2003,Kasım,0.29,51
Japonya,2003,Aralık,13.78,148
Japonya,2004,Ocak,25.47,264
Japonya,2004,Şubat,17.18,269
Japonya,2004,Mart,22.63,251
Japonya,2004,Nisan,22.4,235
Japonya,2004,Mayıs,15.26,196
Japonya,2004,Haziran,28.72,371
Japonya,2004,Temmuz,18.97,205
Japonya,2004,Ağustos,2.83,127
Japonya,2004,Eylül,29.8,388
Japonya,2004,Ekim,20.36,288
Japonya,2004,Kasım,9.45,159
Japonya,2004,Aralık,16.82,176
Japonya,2005,Ocak,12.51,207
Japonya,2005,Şubat,22.45,299
Japonya,2005,Mart,20.8,253
Japonya,2005,Nisan,5.54,123
Japonya,2005,Mayıs,4.23,57
Japonya,2005,Haziran,20.72,261
Japonya,2005,Temmuz,17.22,250
Japonya,2005,Ağustos,16.96,194
Japonya,2005,Eylül,8.13,165
Japonya,2005,Ekim,16.87,203
Japonya,2005,Kasım,15.68,185
Japonya,2005,Aralık,27.15,359
Japonya,2006,Ocak,8.41,159
Japonya,2006,Şubat,2.19,41
Japonya,2006,Mart,26.93,300
Japonya,2006,Nisan,20.01,286
Japonya,2006,Mayıs,25.42,353
Japonya,2006,Haziran,28.74,375
Japonya,2006,Temmuz,13.93,207
Japonya,2006,Ağustos,11.37,182
Japonya,2006,Eylül,2.82,102
Japonya,2006,Ekim,17.5,268
Japonya,2006,Kasım,16.67,168
Japonya,2006,Aralık,8.47,85
Japonya,2007,Ocak,28.74,321
Japonya,2007,Şubat,24.39,256
Japonya,2007,Mart,21.79,259
Japonya,2007,Nisan,28.27,337
Japonya,2007,Mayıs,0.18,87
Japonya,2007,Haziran,1.89,90
Japonya,2007,Temmuz,13.41,155
Japonya,2007,Ağustos,14.34,223
Japonya,2007,Eylül,29.8,300
Japonya,2007,Ekim,2.32,60
Japonya,2007,Kasım,14.61,191
Japonya,2007,Aralık,10.44,155
Japonya,2008,Ocak,26.11,287
Japonya,2008,Şubat,10.41,115
Japonya,2008,Mart,7.63,174
Japonya,2008,Nisan,16.96,211
Japonya,2008,Mayıs,21.71,220
Japonya,2008,Haziran,11.15,196
Japonya,2008,Temmuz,5.27,116
Japonya,2008,Ağustos,10.11,122
Japonya,2008,Eylül,22.6,264
Japonya,2008,Ekim,3.75,126
Japonya,2008,Kasım,5.07,86
Japonya,2008,Aralık,29.44,318
Japonya,2009,Ocak,13.39,201
Japonya,2009,Şubat,21.64,280
Japonya,2009,Mart,14.92,163
Japonya,2009,Nisan,9.38,155
Japonya,2009,Mayıs,10.87,204
Japonya,2009,Haziran,20.42,250
Japonya,2009,Temmuz,16.12,223
Japonya,2009,Ağustos,22.92,325
Japonya,2009,Eylül,26.59,330
Japonya,2009,Ekim,18.04,229
Japonya,2009,Kasım,18.41,222
Japonya,2009,Aralık,14.66,218
Japonya,2010,Ocak,12.18,166
Japonya,2010,Şubat,1.41,62
Japonya,2010,Mart,4.64,141
Japonya,2010,Nisan,9.32,93
Japonya,2010,Mayıs,2.62,104
Japonya,2010,Haziran,3.44,36
Japonya,2010,Temmuz,17.55,211
Japonya,2010,Ağustos,14.09,163
Japonya,2010,Eylül,11.17,173
Japonya,2010,Ekim,7.66,106
Japonya,2010,Kasım,0.1,28
Japonya,2010,Aralık,10.36,106
Japonya,2011,Ocak,21.68,277
Japonya,2011,Şubat,20.92,238
Japonya,2011,Mart,7.91,97
Japonya,2011,Nisan,15.65,212
Japonya,2011,Mayıs,6.39,128
Japonya,2011,Haziran,15.88,181
Japonya,2011,Temmuz,1.48,20
Japonya,2011,Ağustos,19.0,215
Japonya,2011,Eylül,1.82,50
Japonya,2011,Ekim,1.66,45
Japonya,2011,Kasım,1.96,91
Japonya,2011,Aralık,4.46,143
Japonya,2012,Ocak,19.56,259
Japonya,2012,Şubat,24.12,269
Japonya,2012,Mart,19.24,206
Japonya,2012,Nisan,5.64,66
Japonya,2012,Mayıs,1.74,75
Japonya,2012,Haziran,4.91,70
Japonya,2012,Temmuz,9.35,116
Japonya,2012,Ağustos,27.12,354
Japonya,2012,Eylül,13.94,140
Japonya,2012,Ekim,29.16,334
Japonya,2012,Kasım,16.13,183
Japonya,2012,Aralık,0.58,7
Japonya,2013,Ocak,10.46,140
Japonya,2013,Şubat,14.48,197
Japonya,2013,Mart,18.32,256
Japonya,2013,Nisan,28.87,345
Japonya,2013,Mayıs,4.91,50
Japonya,2013,Haziran,26.05,298
Japonya,2013,Temmuz,11.61,148
Japonya,2013,Ağustos,16.06,202
Japonya,2013,Eylül,16.98,269
Japonya,2013,Ekim,1.28,49
Japonya,2013,Kasım,6.6,100
Japonya,2013,Aralık,2.44,24
Japonya,2014,Ocak,16.41,221
Japonya,2014,Şubat,27.19,291
Japonya,2014,Mart,24.98,335
Japonya,2014,Nisan,27.85,327
Japonya,2014,Mayıs,14.01,215
Japonya,2014,Haziran,12.65,185
Japonya,2014,Temmuz,5.27,53
Japonya,2014,Ağustos,9.91,155
Japonya,2014,Eylül,14.72,235
Japonya,2014,Ekim,14.94,203
Japonya,2014,Kasım,21.25,226
Japonya,2014,Aralık,1.94,30
Japonya,2015,Ocak,12.72,128
Japonya,2015,Şubat,20.43,225
Japonya,2015,Mart,22.11,257
Japonya,2015,Nisan,20.72,230
Japonya,2015,Mayıs,29.15,333
Japonya,2015,Haziran,21.05,274
Japonya,2015,Temmuz,9.65,98
Japonya,2015,Ağustos,1.7,32
Japonya,2015,Eylül,24.48,303
Japonya,2015,Ekim,24.23,248
Japonya,2015,Kasım,19.14,222
Japonya,2015,Aralık,19.47,257
Japonya,2016,Ocak,0.04,42
Japonya,2016,Şubat,25.13,329
Japonya,2016,Mart,28.96,387
Japonya,2016,Nisan,8.23,98
Japonya,2016,Mayıs,14.96,166
Japonya,2016,Haziran,24.33,322
Japonya,2016,Temmuz,11.56,120
Japonya,2016,Ağustos,17.67,211
Japonya,2016,Eylül,19.03,212
Japonya,2016,Ekim,11.95,163
Japonya,2016,Kasım,16.62,196
Japonya,2016,Aralık,4.4,107
Japonya,2017,Ocak,21.71,272
Japonya,2017,Şubat,28.55,368
Japonya,2017,Mart,28.82,368
Japonya,2017,Nisan,5.12,122
Japonya,2017,Mayıs,27.65,352
Japonya,2017,Haziran,20.54,233
Japonya,2017,Temmuz,18.79,270
Japonya,2017,Ağustos,22.41,270
Japonya,2017,Eylül,16.57,241
Japonya,2017,Ekim,1.04,46
Japonya,2017,Kasım,27.12,304
Japonya,2017,Aralık,14.71,165
Japonya,2018,Ocak,13.82,161
Japonya,2018,Şubat,15.59,210
Japonya,2018,Mart,24.07,327
Japonya,2018,Nisan,26.64,276
Japonya,2018,Mayıs,27.85,289
Japonya,2018,Haziran,22.23,307
Japonya,2018,Temmuz,28.44,371
Japonya,2018,Ağustos,10.68,136
Japonya,2018,Eylül,5.95,101
Japonya,2018,Ekim,17.89,250
Japonya,2018,Kasım,23.98,309
Japonya,2018,Aralık,7.71,109
Japonya,2019,Ocak,7.28,73
Japonya,2019,Şubat,17.63,224
Japonya,2019,Mart,2.36,62
Japonya,2019,Nisan,9.64,106
Japonya,2019,Mayıs,10.0,168
Japonya,2019,Haziran,6.44,89
Japonya,2019,Temmuz,7.37,113
Japonya,2019,Ağustos,11.48,136
Japonya,2019,Eylül,10.32,179
Japonya,2019,Ekim,29.58,356
Japonya,2019,Kasım,0.1,72
Japonya,2019,Aralık,25.45,263
Japonya,2020,Ocak,16.91,169
Japonya,2020,Şubat,15.34,223
Japonya,2020,Mart,9.58,110
Japonya,2020,Nisan,4.01,64
Japonya,2020,Mayıs,27.24,366
Japonya,2020,Haziran,7.73,176
Japonya,2020,Temmuz,6.81,103
Japonya,2020,Ağustos,27.16,289
Japonya,2020,Eylül,22.26,291
Japonya,2020,Ekim,27.19,362
Japonya,2020,Kasım,5.53,111
Japonya,2020,Aralık,6.59,96
Japonya,2021,Ocak,6.06,149
Japonya,2021,Şubat,16.2,189
Japonya,2021,Mart,6.68,135
Japonya,2021,Nisan,24.42,274
Japonya,2021,Mayıs,25.99,320
Japonya,2021,Haziran,11.47,124
Japonya,2021,Temmuz,2.52,39
Japonya,2021,Ağustos,23.86,338
Japonya,2021,Eylül,15.64,237
Japonya,2021,Ekim,26.62,363
Japonya,2021,Kasım,5.05,139
Japonya,2021,Aralık,17.32,210
Japonya,2022,Ocak,25.96,335
Japonya,2022,Şubat,27.15,286
Japonya,2022,Mart,17.75,261
Japonya,2022,Nisan,3.68,97
Japonya,2022,Mayıs,10.44,124
Japonya,2022,Haziran,21.89,313
Japonya,2022,Temmuz,14.82,157
Japonya,2022,Ağustos,5.7,127
Japonya,2022,Eylül,7.89,82
Japonya,2022,Ekim,4.41,113
Japonya,2022,Kasım,18.26,225
Japonya,2022,Aralık,0.88,85
Brezilya,1993,Ocak,30.96,374
Brezilya,1993,Şubat,31.06,326
Brezilya,1993,Mart,27.5,303
Brezilya,1993,Nisan,34.86,421
Brezilya,1993,Mayıs,37.47,413
Brezilya,1993,Haziran,39.99,429
Brezilya,1993,Temmuz,21.13,232
Brezilya,1993,Ağustos,39.41,442
Brezilya,1993,Eylül,37.37,463
Brezilya,1993,Ekim,31.7,373
Brezilya,1993,Kasım,35.95,397
Brezilya,1993,Aralık,23.38,288
Brezilya,1994,Ocak,28.46,314
Brezilya,1994,Şubat,35.41,371
Brezilya,1994,Mart,26.06,353
Brezilya,1994,Nisan,33.9,382
Brezilya,1994,Mayıs,21.89,308
Brezilya,1994,Haziran,32.91,402
Brezilya,1994,Temmuz,20.75,212
Brezilya,1994,Ağustos,38.82,395
Brezilya,1994,Eylül,37.32,417
Brezilya,1994,Ekim,25.08,263
Brezilya,1994,Kasım,26.85,342
Brezilya,1994,Aralık,30.37,312
Brezilya,1995,Ocak,27.67,306
Brezilya,1995,Şubat,37.16,391
Brezilya,1995,Mart,26.4,298
Brezilya,1995,Nisan,37.94,442
Brezilya,1995,Mayıs,36.63,405
Brezilya,1995,Haziran,24.21,321
Brezilya,1995,Temmuz,28.1,320
Brezilya,1995,Ağustos,28.19,360
Brezilya,1995,Eylül,26.48,293
Brezilya,1995,Ekim,37.4,456
Brezilya,1995,Kasım,31.97,333
Brezilya,1995,Aralık,29.15,298
Brezilya,1996,Ocak,23.76,319
Brezilya,1996,Şubat,27.33,289
Brezilya,1996,Mart,34.78,387
Brezilya,1996,Nisan,36.23,390
Brezilya,1996,Mayıs,25.9,280
Brezilya,1996,Haziran,38.0,393
Brezilya,1996,Temmuz,36.67,461
Brezilya,1996,Ağustos,38.27,464
Brezilya,1996,Eylül,38.11,474
Brezilya,1996,Ekim,22.24,315
Brezilya,1996,Kasım,36.36,417
Brezilya,1996,Aralık,24.49,250
Brezilya,1997,Ocak,32.85,357
Brezilya,1997,Şubat,30.98,333
Brezilya,1997,Mart,36.59,369
Brezilya,1997,Nisan,29.88,393
Brezilya,1997,Mayıs,25.53,335
Brezilya,1997,Haziran,34.51,421
Brezilya,1997,Temmuz,30.58,317
Brezilya,1997,Ağustos,20.17,253
Brezilya,1997,Eylül,38.48,416
Brezilya,1997,Ekim,27.26,280
Brezilya,1997,Kasım,22.76,263
Brezilya,1997,Aralık,38.36,450
Brezilya,1998,Ocak,22.13,228
Brezilya,1998,Şubat,27.11,298
Brezilya,1998,Mart,38.07,403
Brezilya,1998,Nisan,27.06,351
Brezilya,1998,Mayıs,35.34,399
Brezilya,1998,Haziran,26.67,339
Brezilya,1998,Temmuz,38.89,477
Brezilya,1998,Ağustos,35.1,354
Brezilya,1998,Eylül,39.06,480
Brezilya,1998,Ekim,31.61,376
Brezilya,1998,Kasım,24.78,298
Brezilya,1998,Aralık,28.07,344
Brezilya,1999,Ocak,27.4,287
Brezilya,1999,Şubat,25.89,332
Brezilya,1999,Mart,27.22,367
Brezilya,1999,Nisan,26.8,316
Brezilya,1999,Mayıs,33.86,362
Brezilya,1999,Haziran,39.77,471
Brezilya,1999,Temmuz,37.31,414
Brezilya,1999,Ağustos,37.9,465
Brezilya,1999,Eylül,25.56,294
Brezilya,1999,Ekim,39.65,429
Brezilya,1999,Kasım,32.56,356
Brezilya,1999,Aralık,23.68,321
Brezilya,2000,Ocak,22.31,283
Brezilya,2000,Şubat,38.74,387
Brezilya,2000,Mart,38.73,403
Brezilya,2000,Nisan,34.53,414
Brezilya,2000,Mayıs,25.22,289
Brezilya,2000,Haziran,34.31,355
Brezilya,2000,Temmuz,36.67,455
Brezilya,2000,Ağustos,35.0,409
Brezilya,2000,Eylül,22.58,268
Brezilya,2000,Ekim,22.03,235
Brezilya,2000,Kasım,38.44,446
Brezilya,2000,Aralık,36.55,404
Brezilya,2001,Ocak,31.36,336
Brezilya,2001,Şubat,31.76,406
Brezilya,2001,Mart,27.36,316
Brezilya,2001,Nisan,23.8,290
Brezilya,2001,Mayıs,34.9,421
Brezilya,2001,Haziran,33.36,371
Brezilya,2001,Temmuz,37.34,425
Brezilya,2001,Ağustos,35.33,362
Brezilya,2001,Eylül,34.16,345
Brezilya,2001,Ekim,21.3,281
Brezilya,2001,Kasım,28.4,331
Brezilya,2001,Aralık,38.35,394
Brezilya,2002,Ocak,39.3,436
Brezilya,2002,Şubat,37.04,404
Brezilya,2002,Mart,24.62,289
Brezilya,2002,Nisan,33.16,429
Brezilya,2002,Mayıs,25.08,338
Brezilya,2002,Haziran,33.31,380
Brezilya,2002,Temmuz,31.01,310
Brezilya,2002,Ağustos,35.44,393
Brezilya,2002,Eylül,31.77,322
Brezilya,2002,Ekim,20.23,213
Brezilya,2002,Kasım,22.18,316
Brezilya,2002,Aralık,21.64,217
Brezilya,2003,Ocak,39.69,478
Brezilya,2003,Şubat,31.09,372
Brezilya,2003,Mart,22.74,265
Brezilya,2003,Nisan,20.41,239
Brezilya,2003,Mayıs,30.16,347
Brezilya,2003,Haziran,26.45,298
Brezilya,2003,Temmuz,28.3,331
Brezilya,2003,Ağustos,38.57,464
Brezilya,2003,Eylül,24.22,247
Brezilya,2003,Ekim,32.1,326
Brezilya,2003,Kasım,37.71,413
Brezilya,2003,Aralık,37.59,452
Brezilya,2004,Ocak,31.85,378
Brezilya,2004,Şubat,32.11,397
Brezilya,2004,Mart,32.59,372
Brezilya,2004,Nisan,25.42,298
Brezilya,2004,Mayıs,32.57,344
Brezilya,2004,Haziran,21.08,285
Brezilya,2004,Temmuz,30.5,359
Brezilya,2004,Ağustos,38.55,448
Brezilya,2004,Eylül,23.78,314
Brezilya,2004,Ekim,32.68,404
Brezilya,2004,Kasım,37.11,380
Brezilya,2004,Aralık,34.91,419
Brezilya,2005,Ocak,38.08,436
Brezilya,2005,Şubat,24.12,336
Brezilya,2005,Mart,23.29,318
Brezilya,2005,Nisan,34.27,343
Brezilya,2005,Mayıs,38.39,452
Brezilya,2005,Haziran,31.74,346
Brezilya,2005,Temmuz,30.94,403
Brezilya,2005,Ağustos,27.22,318
Brezilya,2005,Eylül,32.85,368
Brezilya,2005,Ekim,24.75,270
Brezilya,2005,Kasım,22.61,319
Brezilya,2005,Aralık,33.99,432
Brezilya,2006,Ocak,20.84,227
Brezilya,2006,Şubat,28.93,368
Brezilya,2006,Mart,35.36,386
Brezilya,2006,Nisan,28.13,374
Brezilya,2006,Mayıs,23.61,324
Brezilya,2006,Haziran,29.92,332
Brezilya,2006,Temmuz,34.5,366
Brezilya,2006,Ağustos,36.11,366
Brezilya,2006,Eylül,22.43,234
Brezilya,2006,Ekim,25.37,277
Brezilya,2006,Kasım,38.15,437
Brezilya,2006,Aralık,20.76,257
Brezilya,2007,Ocak,28.4,304
Brezilya,2007,Şubat,28.27,287
Brezilya,2007,Mart,20.9,252
Brezilya,2007,Nisan,31.93,369
Brezilya,2007,Mayıs,20.88,219
Brezilya,2007,Haziran,26.34,302
Brezilya,2007,Temmuz,28.82,289
Brezilya,2007,Ağustos,22.72,323
Brezilya,2007,Eylül,37.04,465
Brezilya,2007,Ekim,29.94,381
Brezilya,2007,Kasım,23.55,294
Brezilya,2007,Aralık,24.09,310
Brezilya,2008,Ocak,36.88,402
Brezilya,2008,Şubat,37.11,426
Brezilya,2008,Mart,34.14,428
Brezilya,2008,Nisan,21.12,254
Brezilya,2008,Mayıs,33.15,430
Brezilya,2008,Haziran,32.57,338
Brezilya,2008,Temmuz,32.24,416
Brezilya,2008,Ağustos,39.3,409
Brezilya,2008,Eylül,38.83,416
Brezilya,2008,Ekim,38.81,447
Brezilya,2008,Kasım,32.39,375
Brezilya,2008,Aralık,32.33,346
Brezilya,2009,Ocak,37.51,399
Brezilya,2009,Şubat,25.76,296
Brezilya,2009,Mart,22.05,225
Brezilya,2009,Nisan,21.68,225
Brezilya,2009,Mayıs,30.95,370
Brezilya,2009,Haziran,21.89,309
Brezilya,2009,Temmuz,33.87,341
Brezilya,2009,Ağustos,35.06,401
Brezilya,2009,Eylül,33.87,407
Brezilya,2009,Ekim,26.67,284
Brezilya,2009,Kasım,39.51,444
Brezilya,2009,Aralık,37.8,456
Brezilya,2010,Ocak,21.28,294
Brezilya,2010,Şubat,31.62,410
Brezilya,2010,Mart,33.33,367
Brezilya,2010,Nisan,23.9,299
Brezilya,2010,Mayıs,31.39,328
Brezilya,2010,Haziran,22.26,236
Brezilya,2010,Temmuz,28.55,316
Brezilya,2010,Ağustos,31.27,378
Brezilya,2010,Eylül,21.53,255
Brezilya,2010,Ekim,38.35,450
Brezilya,2010,Kasım,38.5,397
Brezilya,2010,Aralık,23.68,309
Brezilya,2011,Ocak,21.86,307
Brezilya,2011,Şubat,28.35,304
Brezilya,2011,Mart,25.03,302
Brezilya,2011,Nisan,34.18,403
Brezilya,2011,Mayıs,25.69,293
Brezilya,2011,Haziran,28.42,303
Brezilya,2011,Temmuz,29.95,344
Brezilya,2011,Ağustos,25.49,303
Brezilya,2011,Eylül,24.32,289
Brezilya,2011,Ekim,22.01,274
Brezilya,2011,Kasım,25.82,341
Brezilya,2011,Aralık,25.96,284
Brezilya,2012,Ocak,35.32,449
Brezilya,2012,Şubat,35.86,371
Brezilya,2012,Mart,36.27,425
Brezilya,2012,Nisan,24.18,248
Brezilya,2012,Mayıs,26.57,299
Brezilya,2012,Haziran,27.35,287
Brezilya,2012,Temmuz,25.04,331
Brezilya,2012,Ağustos,22.9,258
Brezilya,2012,Eylül,33.56,388
Brezilya,2012,Ekim,22.27,267
Brezilya,2012,Kasım,37.97,381
Brezilya,2012,Aralık,31.19,338
Brezilya,2013,Ocak,22.82,238
Brezilya,2013,Şubat,34.16,385
Brezilya,2013,Mart,30.23,304
Brezilya,2013,Nisan,36.45,442
Brezilya,2013,Mayıs,39.99,497
Brezilya,2013,Haziran,37.11,387
Brezilya,2013,Temmuz,31.79,378
Brezilya,2013,Ağustos,24.11,247
Brezilya,2013,Eylül,21.19,283
Brezilya,2013,Ekim,25.07,336
Brezilya,2013,Kasım,27.81,348
Brezilya,2013,Aralık,34.67,419
Brezilya,2014,Ocak,31.64,365
Brezilya,2014,Şubat,22.81,275
Brezilya,2014,Mart,29.42,307
Brezilya,2014,Nisan,24.13,254
Brezilya,2014,Mayıs,35.66,404
Brezilya,2014,Haziran,39.46,454
Brezilya,2014,Temmuz,25.58,283
Brezilya,2014,Ağustos,28.23,315
Brezilya,2014,Eylül,33.78,376
Brezilya,2014,Ekim,27.64,296
Brezilya,2014,Kasım,26.94,284
Brezilya,2014,Aralık,24.74,266
Brezilya,2015,Ocak,35.92,410
Brezilya,2015,Şubat,20.74,235
Brezilya,2015,Mart,24.28,297
Brezilya,2015,Nisan,38.69,469
Brezilya,2015,Mayıs,28.57,365
Brezilya,2015,Haziran,25.7,347
Brezilya,2015,Temmuz,32.38,407
Brezilya,2015,Ağustos,28.62,346
Brezilya,2015,Eylül,24.81,326
Brezilya,2015,Ekim,37.1,422
Brezilya,2015,Kasım,34.25,383
Brezilya,2015,Aralık,25.23,312
Brezilya,2016,Ocak,22.62,289
Brezilya,2016,Şubat,39.27,396
Brezilya,2016,Mart,24.03,258
Brezilya,2016,Nisan,27.4,292
Brezilya,2016,Mayıs,35.67,357
Brezilya,2016,Haziran,37.83,448
Brezilya,2016,Temmuz,34.78,443
Brezilya,2016,Ağustos,39.6,405
Brezilya,2016,Eylül,20.96,238
Brezilya,2016,Ekim,24.06,320
Brezilya,2016,Kasım,27.96,369
Brezilya,2016,Aralık,22.72,325
Brezilya,2017,Ocak,24.04,326
Brezilya,2017,Şubat,30.99,359
Brezilya,2017,Mart,29.19,311
Brezilya,2017,Nisan,32.16,372
Brezilya,2017,Mayıs,22.66,245
Brezilya,2017,Haziran,38.44,445
Brezilya,2017,Temmuz,23.6,242
Brezilya,2017,Ağustos,20.64,225
Brezilya,2017,Eylül,24.23,263
Brezilya,2017,Ekim,25.4,296
Brezilya,2017,Kasım,24.94,330
Brezilya,2017,Aralık,33.67,415
Brezilya,2018,Ocak,38.76,394
Brezilya,2018,Şubat,27.1,315
Brezilya,2018,Mart,30.84,394
Brezilya,2018,Nisan,37.07,459
Brezilya,2018,Mayıs,33.31,385
Brezilya,2018,Haziran,31.04,315
Brezilya,2018,Temmuz,30.78,398
Brezilya,2018,Ağustos,37.59,442
Brezilya,2018,Eylül,37.69,441
Brezilya,2018,Ekim,39.76,436
Brezilya,2018,Kasım,25.68,338
Brezilya,2018,Aralık,31.73,348
Brezilya,2019,Ocak,39.8,407
Brezilya,2019,Şubat,32.32,367
Brezilya,2019,Mart,25.88,284
Brezilya,2019,Nisan,30.35,341
Brezilya,2019,Mayıs,35.77,371
Brezilya,2019,Haziran,23.43,306
Brezilya,2019,Temmuz,24.25,252
Brezilya,2019,Ağustos,39.54,409
Brezilya,2019,Eylül,20.65,211
Brezilya,2019,Ekim,24.6,326
Brezilya,2019,Kasım,36.68,452
Brezilya,2019,Aralık,23.19,302
Brezilya,2020,Ocak,25.71,290
Brezilya,2020,Şubat,27.03,332
Brezilya,2020,Mart,25.54,255
Brezilya,2020,Nisan,38.77,471
Brezilya,2020,Mayıs,28.36,284
Brezilya,2020,Haziran,33.66,367
Brezilya,2020,Temmuz,23.28,262
Brezilya,2020,Ağustos,26.25,328
Brezilya,2020,Eylül,20.42,225
Brezilya,2020,Ekim,27.82,305
Brezilya,2020,Kasım,37.11,449
Brezilya,2020,Aralık,24.04,250
Brezilya,2021,Ocak,33.88,376
Brezilya,2021,Şubat,29.0,327
Brezilya,2021,Mart,22.81,312
Brezilya,2021,Nisan,36.29,372
Brezilya,2021,Mayıs,37.8,467
Brezilya,2021,Haziran,37.77,392
Brezilya,2021,Temmuz,34.48,372
Brezilya,2021,Ağustos,30.9,311
Brezilya,2021,Eylül,30.27,352
Brezilya,2021,Ekim,33.83,432
Brezilya,2021,Kasım,39.89,494
Brezilya,2021,Aralık,20.98,244
Brezilya,2022,Ocak,26.89,339
Brezilya,2022,Şubat,33.87,344
Brezilya,2022,Mart,33.29,382
Brezilya,2022,Nisan,24.72,306
Brezilya,2022,Mayıs,28.18,318
Brezilya,2022,Haziran,38.86,390
Brezilya,2022,Temmuz,22.96,323
Brezilya,2022,Ağustos,35.57,362
Brezilya,2022,Eylül,39.16,479
Brezilya,2022,Ekim,27.19,371
Brezilya,2022,Kasım,29.0,308
Brezilya,2022,Aralık,23.22,237
Kanada,1993,Ocak,3.91,49
Kanada,1993,Şubat,18.95,215
Kanada,1993,Mart,-7.97,0
Kanada,1993,Nisan,-1.67,28
Kanada,1993,Mayıs,20.16,285
Kanada,1993,Haziran,-13.25,-91
Kanada,1993,Temmuz,-8.98,-84
Kanada,1993,Ağustos,20.09,289
Kanada,1993,Eylül,10.66,167
Kanada,1993,Ekim,18.86,261
Kanada,1993,Kasım,-6.6,13
Kanada,1993,Aralık,22.09,237
Kanada,1994,Ocak,-8.82,-59
Kanada,1994,Şubat,10.98,194
Kanada,1994,Mart,8.34,144
Kanada,1994,Nisan,17.66,266
Kanada,1994,Mayıs,5.8,95
Kanada,1994,Haziran,19.88,209
Kanada,1994,Temmuz,-4.11,14
Kanada,1994,Ağustos,-8.43,-20
Kanada,1994,Eylül,7.59,93
Kanada,1994,Ekim,-9.81,-17
Kanada,1994,Kasım,8.4,90
Kanada,1994,Aralık,-6.86,-15
Kanada,1995,Ocak,9.69,173
Kanada,1995,Şubat,17.71,205
Kanada,1995,Mart,-9.76,-53
Kanada,1995,Nisan,-7.11,-42
Kanada,1995,Mayıs,-11.94,-84
Kanada,1995,Haziran,15.29,185
Kanada,1995,Temmuz,-0.58,92
Kanada,1995,Ağustos,17.01,187
Kanada,1995,Eylül,22.84,325
Kanada,1995,Ekim,9.2,115
Kanada,1995,Kasım,-5.25,-1
Kanada,1995,Aralık,-10.4,-89
Kanada,1996,Ocak,3.79,69
Kanada,1996,Şubat,3.14,96
Kanada,1996,Mart,-14.26,-131
Kanada,1996,Nisan,5.3,135
Kanada,1996,Mayıs,7.65,126
Kanada,1996,Haziran,7.74,90
Kanada,1996,Temmuz,16.97,214
Kanada,1996,Ağustos,20.76,236
Kanada,1996,Eylül,-1.94,20
Kanada,1996,Ekim,-11.31,-98
Kanada,1996,Kasım,4.9,126
Kanada,1996,Aralık,1.08,35
Kanada,1997,Ocak,-14.29,-131
Kanada,1997,Şubat,2.71,86
Kanada,1997,Mart,-7.84,-44
Kanada,1997,Nisan,19.22,224
Kanada,1997,Mayıs,21.86,307
Kanada,1997,Haziran,-3.63,39
Kanada,1997,Temmuz,-3.9,-28
Kanada,1997,Ağustos,14.7,173
Kanada,1997,Eylül,10.87,165
Kanada,1997,Ekim,23.95,337
Kanada,1997,Kasım,12.94,137
Kanada,1997,Aralık,1.42,22
Kanada,1998,Ocak,-9.54,-33
Kanada,1998,Şubat,11.61,131
Kanada,1998,Mart,19.23,209
Kanada,1998,Nisan,9.01,164
Kanada,1998,Mayıs,6.04,67
Kanada,1998,Haziran,8.76,173
Kanada,1998,Temmuz,-1.95,45
Kanada,1998,Ağustos,14.07,237
Kanada,1998,Eylül,19.56,261
Kanada,1998,Ekim,-6.54,-34
Kanada,1998,Kasım,10.84,158
Kanada,1998,Aralık,-4.52,21
Kanada,1999,Ocak,14.94,230
Kanada,1999,Şubat,4.61,48
Kanada,1999,Mart,-13.98,-116
Kanada,1999,Nisan,12.02,212
Kanada,1999,Mayıs,7.28,75
Kanada,1999,Haziran,-14.47,-96
Kanada,1999,Temmuz,21.72,227
Kanada,1999,Ağustos,-5.0,-37
Kanada,1999,Eylül,17.75,256
Kanada,1999,Ekim,-7.03,-13
Kanada,1999,Kasım,24.23,340
Kanada,1999,Aralık,-2.51,2
Kanada,2000,Ocak,19.68,268
Kanada,2000,Şubat,-12.86,-81
Kanada,2000,Mart,5.51,119
Kanada,2000,Nisan,22.52,240
Kanada,2000,Mayıs,2.61,104
Kanada,2000,Haziran,6.46,95
Kanada,2000,Temmuz,9.86,194
Kanada,2000,Ağustos,24.9,253
Kanada,2000,Eylül,-13.86,-57
Kanada,2000,Ekim,-11.44,-108
Kanada,2000,Kasım,16.58,261
Kanada,2000,Aralık,-12.17,-100
Kanada,2001,Ocak,13.36,226
Kanada,2001,Şubat,3.95,116
Kanada,2001,Mart,-2.0,-9
Kanada,2001,Nisan,4.62,63
Kanada,2001,Mayıs,-9.17,-8
Kanada,2001,Haziran,16.65,197
Kanada,2001,Temmuz,-0.78,70
Kanada,2001,Ağustos,-4.59,7
Kanada,2001,Eylül,-14.55,-50
Kanada,2001,Ekim,3.59,85
Kanada,2001,Kasım,18.58,227
Kanada,2001,Aralık,15.45,201
Kanada,2002,Ocak,-13.62,-69
Kanada,2002,Şubat,15.53,227
Kanada,2002,Mart,20.13,211
Kanada,2002,Nisan,24.36,288
Kanada,2002,Mayıs,21.63,273
Kanada,2002,Haziran,-5.78,-28
Kanada,2002,Temmuz,-9.56,-54
Kanada,2002,Ağustos,-8.56,-85
Kanada,2002,Eylül,15.26,171
Kanada,2002,Ekim,-6.31,-56
Kanada,2002,Kasım,0.02,25
Kanada,2002,Aralık,8.77,149
Kanada,2003,Ocak,9.25,173
Kanada,2003,Şubat,-8.1,-56
Kanada,2003,Mart,13.35,212
Kanada,2003,Nisan,12.38,221
Kanada,2003,Mayıs,-0.97,52
Kanada,2003,Haziran,17.25,230
Kanada,2003,Temmuz,15.87,159
Kanada,2003,Ağustos,-3.5,-17
Kanada,2003,Eylül,-4.5,-41
Kanada,2003,Ekim,5.07,81
Kanada,2003,Kasım,9.18,145
Kanada,2003,Aralık,16.54,216
Kanada,2004,Ocak,12.82,198
Kanada,2004,Şubat,13.86,152
Kanada,2004,Mart,-9.76,-69
Kanada,2004,Nisan,1.61,82
Kanada,2004,Mayıs,-13.36,-84
Kanada,2004,Haziran,-12.79,-74
Kanada,2004,Temmuz,21.85,275
Kanada,2004,Ağustos,22.81,258
Kanada,2004,Eylül,23.75,321
Kanada,2004,Ekim,2.1,42
Kanada,2004,Kasım,7.49,89
Kanada,2004,Aralık,2.76,51
Kanada,2005,Ocak,13.62,193
Kanada,2005,Şubat,-0.85,35
Kanada,2005,Mart,15.05,185
Kanada,2005,Nisan,23.18,262
Kanada,2005,Mayıs,9.21,159
Kanada,2005,Haziran,1.78,52
Kanada,2005,Temmuz,8.86,124
Kanada,2005,Ağustos,23.17,239
Kanada,2005,Eylül,-12.89,-76
Kanada,2005,Ekim,11.56,154
Kanada,2005,Kasım,-1.49,40
Kanada,2005,Aralık,-13.15,-88
Kanada,2006,Ocak,-8.98,9
Kanada,2006,Şubat,-0.47,37
Kanada,2006,Mart,-1.72,-6
Kanada,2006,Nisan,-8.22,-39
Kanada,2006,Mayıs,23.1,250
Kanada,2006,Haziran,-13.2,-69
Kanada,2006,Temmuz,15.49,223
Kanada,2006,Ağustos,16.12,178
Kanada,2006,Eylül,-11.97,-71
Kanada,2006,Ekim,9.96,142
Kanada,2006,Kasım,-12.59,-119
Kanada,2006,Aralık,-12.32,-108
Kanada,2007,Ocak,-0.85,20
Kanada,2007,Şubat,10.86,188
Kanada,2007,Mart,10.16,143
Kanada,2007,Nisan,0.85,63
Kanada,2007,Mayıs,9.1,160
Kanada,2007,Haziran,-9.03,-57
Kanada,2007,Temmuz,11.62,178
Kanada,2007,Ağustos,19.48,282
Kanada,2007,Eylül,21.87,235
Kanada,2007,Ekim,21.98,306
Kanada,2007,Kasım,1.22,38
Kanada,2007,Aralık,-14.58,-72
Kanada,2008,Ocak,-9.71,-59
Kanada,2008,Şubat,13.95,179
Kanada,2008,Mart,7.46,138
Kanada,2008,Nisan,-5.69,-52
Kanada,2008,Mayıs,-1.4,31
Kanada,2008,Haziran,8.16,173
Kanada,2008,Temmuz,-0.13,77
Kanada,2008,Ağustos,22.15,321
Kanada,2008,Eylül,12.94,140
Kanada,2008,Ekim,11.74,118
Kanada,2008,Kasım,4.77,66
Kanada,2008,Aralık,22.33,317
Kanada,2009,Ocak,22.6,246
Kanada,2009,Şubat,5.83,121
Kanada,2009,Mart,-4.97,28
Kanada,2009,Nisan,-3.7,50
Kanada,2009,Mayıs,-7.6,-35
Kanada,2009,Haziran,10.56,133
Kanada,2009,Temmuz,7.88,164
Kanada,2009,Ağustos,1.17,36
Kanada,2009,Eylül,17.14,215
Kanada,2009,Ekim,16.99,199
Kanada,2009,Kasım,4.21,78
Kanada,2009,Aralık,7.86,152
Kanada,2010,Ocak,-3.67,-22
Kanada,2010,Şubat,-13.51,-95
Kanada,2010,Mart,8.22,162
Kanada,2010,Nisan,-0.65,37
Kanada,2010,Mayıs,12.36,222
Kanada,2010,Haziran,-2.75,0
Kanada,2010,Temmuz,-2.27,43
Kanada,2010,Ağustos,-9.61,-11
Kanada,2010,Eylül,8.28,112
Kanada,2010,Ekim,-14.9,-131
Kanada,2010,Kasım,-11.68,-79
Kanada,2010,Aralık,5.72,138
Kanada,2011,Ocak,-9.01,-29
Kanada,2011,Şubat,2.0,114
Kanada,2011,Mart,-14.74,-138
Kanada,2011,Nisan,-6.89,3
Kanada,2011,Mayıs,-4.15,2
Kanada,2011,Haziran,17.25,261
Kanada,2011,Temmuz,6.05,97
Kanada,2011,Ağustos,-11.13,-49
Kanada,2011,Eylül,-8.98,-67
Kanada,2011,Ekim,14.58,220
Kanada,2011,Kasım,-14.97,-97
Kanada,2011,Aralık,-0.52,26
Kanada,2012,Ocak,-11.64,-40
Kanada,2012,Şubat,2.21,79
Kanada,2012,Mart,20.77,285
Kanada,2012,Nisan,18.76,258
Kanada,2012,Mayıs,-3.65,8
Kanada,2012,Haziran,19.42,292
Kanada,2012,Temmuz,3.71,63
Kanada,2012,Ağustos,-13.96,-46
Kanada,2012,Eylül,-12.81,-103
Kanada,2012,Ekim,9.71,114
Kanada,2012,Kasım,-7.78,-15
Kanada,2012,Aralık,-14.25,-74
Kanada,2013,Ocak,-1.65,11
Kanada,2013,Şubat,21.11,264
Kanada,2013,Mart,-6.62,-48
Kanada,2013,Nisan,17.34,272
Kanada,2013,Mayıs,19.57,244
Kanada,2013,Haziran,-12.06,-111
Kanada,2013,Temmuz,-3.14,31
Kanada,2013,Ağustos,-5.91,-33
Kanada,2013,Eylül,-10.27,-41
Kanada,2013,Ekim,-14.15,-70
Kanada,2013,Kasım,10.83,108
Kanada,2013,Aralık,3.4,106
Kanada,2014,Ocak,16.54,172
Kanada,2014,Şubat,1.73,94
Kanada,2014,Mart,18.79,273
Kanada,2014,Nisan,8.59,161
Kanada,2014,Mayıs,-4.76,-39
Kanada,2014,Haziran,2.44,63
Kanada,2014,Temmuz,19.71,224
Kanada,2014,Ağustos,-7.54,9
Kanada,2014,Eylül,9.26,166
Kanada,2014,Ekim,9.38,153
Kanada,2014,Kasım,-7.69,-51
Kanada,2014,Aralık,24.91,322
Kanada,2015,Ocak,-13.41,-40
Kanada,2015,Şubat,-14.46,-60
Kanada,2015,Mart,20.77,267
Kanada,2015,Nisan,-8.28,8
Kanada,2015,Mayıs,-10.25,-69
Kanada,2015,Haziran,-13.25,-53
Kanada,2015,Temmuz,9.57,180
Kanada,2015,Ağustos,-1.94,46
Kanada,2015,Eylül,-8.08,-79
Kanada,2015,Ekim,-1.41,43
Kanada,2015,Kasım,13.55,167
Kanada,2015,Aralık,-8.78,-66
Kanada,2016,Ocak,-6.51,34
Kanada,2016,Şubat,-4.08,-38
Kanada,2016,Mart,4.06,118
Kanada,2016,Nisan,-8.08,-49
Kanada,2016,Mayıs,10.12,188
Kanada,2016,Haziran,21.74,244
Kanada,2016,Temmuz,-14.23,-116
Kanada,2016,Ağustos,-2.08,-12
Kanada,2016,Eylül,9.77,106
Kanada,2016,Ekim,10.74,110
Kanada,2016,Kasım,8.24,157
Kanada,2016,Aralık,-7.32,-26
Kanada,2017,Ocak,13.24,214
Kanada,2017,Şubat,22.54,229
Kanada,2017,Mart,-9.46,-86
Kanada,2017,Nisan,13.05,196
Kanada,2017,Mayıs,-13.42,-47
Kanada,2017,Haziran,5.09,71
Kanada,2017,Temmuz,3.54,84
Kanada,2017,Ağustos,2.05,100
Kanada,2017,Eylül,1.36,14
Kanada,2017,Ekim,15.06,234
Kanada,2017,Kasım,5.99,81
Kanada,2017,Aralık,7.92,137
Kanada,2018,Ocak,17.82,238
Kanada,2018,Şubat,-1.73,51
Kanada,2018,Mart,13.44,218
Kanada,2018,Nisan,16.89,178
Kanada,2018,Mayıs,5.99,117
Kanada,2018,Haziran,22.33,257
Kanada,2018,Temmuz,7.86,84
Kanada,2018,Ağustos,22.4,320
Kanada,2018,Eylül,6.55,160
Kanada,2018,Ekim,0.56,10
Kanada,2018,Kasım,-4.62,-30
Kanada,2018,Aralık,18.04,264
Kanada,2019,Ocak,19.21,286
Kanada,2019,Şubat,3.2,110
Kanada,2019,Mart,22.47,295
Kanada,2019,Nisan,-10.55,-20
Kanada,2019,Mayıs,12.73,140
Kanada,2019,Haziran,8.38,130
Kanada,2019,Temmuz,-10.95,-88
Kanada,2019,Ağustos,-5.89,10
Kanada,2019,Eylül,20.41,276
Kanada,2019,Ekim,21.59,275
Kanada,2019,Kasım,10.36,163
Kanada,2019,Aralık,2.72,101
Kanada,2020,Ocak,19.97,232
Kanada,2020,Şubat,10.38,173
Kanada,2020,Mart,5.32,96
Kanada,2020,Nisan,-11.79,-75
Kanada,2020,Mayıs,3.89,124
Kanada,2020,Haziran,18.32,209
Kanada,2020,Temmuz,13.69,166
Kanada,2020,Ağustos,4.07,116
Kanada,2020,Eylül,-9.09,4
Kanada,2020,Ekim,17.71,178
Kanada,2020,Kasım,9.94,156
Kanada,2020,Aralık,-5.77,24
Kanada,2021,Ocak,9.87,173
Kanada,2021,Şubat,-2.81,5
Kanada,2021,Mart,-5.89,-18
Kanada,2021,Nisan,-11.77,-116
Kanada,2021,Mayıs,3.48,133
Kanada,2021,Haziran,8.9,144
Kanada,2021,Temmuz,21.23,232
Kanada,2021,Ağustos,19.25,276
Kanada,2021,Eylül,22.85,229
Kanada,2021,Ekim,12.26,187
Kanada,2021,Kasım,17.96,258
Kanada,2021,Aralık,-7.01,-6
Kanada,2022,Ocak,21.77,290
Kanada,2022,Şubat,13.6,215
Kanada,2022,Mart,11.33,119
Kanada,2022,Nisan,17.03,212
Kanada,2022,Mayıs,8.08,160
Kanada,2022,Haziran,-11.02,-102
Kanada,2022,Temmuz,12.3,136
Kanada,2022,Ağustos,15.72,235
Kanada,2022,Eylül,10.93,109
Kanada,2022,Ekim,-5.15,-14
Kanada,2022,Kasım,14.48,220
Kanada,2022,Aralık,-8.24,-17
